usuario,password,nombre,correo
juan,abcd,Juan Perez,juan@mail.com
maria,abcd,Maria Lopez,maria@mail.com
david1,1234,David,david@gmail.com
alex,1234,david,david@gmail.com
jamesjamesjames,1234,James,jamesjames
david,123456,David,david@gmail.com
alexa,123456,Alex,alex@gmail.com
chami,123456,Samira,samira@gmail.com
fercho,123456,fernando,fernando@gmail.com
carlos,123456,Carlos,carlos@gmail.com
FelipeConza,123456,Felipe Conza,felipe@gmail.com
James,1234567,James Caiño,james@gmail.com
